{"cameraMode":{"drawMode":0,"name":"Shaded","section":"Shading Mode"},"sceneLighting":true,"audioPlay":false,"sceneViewState":{"m_AlwaysRefresh":false,"showFog":true,"showSkybox":true,"showFlares":true,"showImageEffects":true,"showParticleSystems":true,"showVisualEffectGraphs":true,"m_FxEnabled":true},"in2DMode":false,"pivot":{"x":-3.642678737640381,"y":1.5686872005462647,"z":-3.1252546310424806},"rotation":{"x":-0.44846946001052859,"y":0.028678903356194497,"z":-0.014398857019841671,"w":-0.8932237029075623},"size":8.38149642944336,"orthographic":false}